﻿Designator,Footprint,Quantity,Value,LCSC Part #
"C1, C3",0805,2,10uF,
"C2, C5, C6, C8",0603,4,100nF,
C4,0603,1,1uF,
CN1,CONN-SMD_BM04B-SRSS-TB,1,BM04B-SRSS-TB(LF)(SN),C160390
D1,0805,1,Blue LED,
D2,0805,1,Green LED,
"J1, J2",PinSocket_1x09_P2.54mm_Vertical,2,Conn_01x09_Pin,
"LED1, LED2, LED3",LED-SMD_4P-L2.0-W2.0-BR-1,3,XL-2020RGBC-WS2812B,C5349955
"R1, R3",0603,2,5.1k,
"R2, R8",0603,2,4.7k,
R4,0603,1,100,
R5,0603,1,220,
"R6, R7",0603,2,10k,
"SW1, SW2",SW-SMD_L4.0-W2.9-P4.15-EH,2,TSA343G00D-250J2,C354947
U1,WIFIM-SMD_ESP32-C3-MINI-1,1,ESP32-C3-MINI-1-H4(4MB),C2934569
U2,SOT-25-5_L2.9-W1.6-P0.95-LS2.8-BL,1,AP2112K-3.3TRG1,C51118
USB1,USB-C-SMD_GT-USB-7058,1,GT-USB-7058,C2762991
